"TIMEID","MONTH","YEAR","SEASON"
201804,4,2018,"Autumn"
201910,10,2019,"Spring"
201805,5,2018,"Autumn"
201811,11,2018,"Spring"
201812,12,2018,"Summer"
201908,8,2019,"Winter"
202006,6,2020,"Winter"
202011,11,2020,"Spring"
201903,3,2019,"Autumn"
201911,11,2019,"Spring"
201810,10,2018,"Spring"
201901,1,2019,"Summer"
201904,4,2019,"Autumn"
201909,9,2019,"Spring"
202002,2,2020,"Summer"
202005,5,2020,"Autumn"
201905,5,2019,"Autumn"
201906,6,2019,"Winter"
201912,12,2019,"Summer"
202008,8,2020,"Winter"
202009,9,2020,"Spring"
202010,10,2020,"Spring"
201808,8,2018,"Winter"
202003,3,2020,"Autumn"
202007,7,2020,"Winter"
201806,6,2018,"Winter"
201807,7,2018,"Winter"
201809,9,2018,"Spring"
201902,2,2019,"Summer"
201907,7,2019,"Winter"
202001,1,2020,"Summer"
202004,4,2020,"Autumn"
202012,12,2020,"Summer"
