"TIMEID","CATEGORYID","CUSTOMERTYPEID","BRANCHNAME","QUANTITY_HIRED","TOTAL_HIRE_PRICES"
201901,1,2,"Fitzroy",3,900
202003,1,2,"Clayton",2,1320
201907,1,1,"Eltham",2,1280
202002,1,1,"Toorak",2,1560
202009,1,1,"Clayton",1,105
201808,1,2,"Prahran",3,315
202009,1,1,"Dandenong",3,405
201812,1,1,"Pakenham",1,890
201807,1,1,"Richmond",1,395
201809,1,1,"Eltham",1,1200
202001,1,2,"Pakenham",1,1110
201910,1,2,"Docklands",2,2100
201806,1,2,"Docklands",1,360
201808,1,2,"Richmond",3,1200
202011,1,2,"Toorak",3,540
201808,1,2,"Hughesdale",2,1440
202005,1,1,"Clayton",2,1640
201809,1,2,"Prahran",1,1440
201909,1,2,"Hughesdale",2,1800
201810,1,2,"Fitzroy",3,2520
201811,1,1,"Caulfield",3,1200
201904,1,1,"Clayton",1,1600
202009,1,2,"Hughesdale",3,1200
201809,2,1,"Caulfield",3,105
201902,2,2,"Caulfield",2,140
202007,2,2,"Docklands",2,320
202007,2,2,"Toorak",2,160
201906,2,1,"Toorak",2,80
202010,2,1,"Prahran",3,480
201808,2,2,"Fitzroy",3,120
201905,2,1,"Hughesdale",3,540
201908,2,2,"Hughesdale",1,180
202006,2,2,"Caulfield",2,180
202010,2,1,"Dandenong",1,125
201904,2,2,"Prahran",3,3000
202003,2,2,"Docklands",2,1520
201912,2,1,"Clayton",1,175
201906,2,2,"Clayton",2,760
202009,2,1,"Parkville",3,675
201807,2,2,"Prahran",3,5400
201909,2,2,"Clayton",2,900
201806,2,1,"Clayton",2,360
201811,2,1,"Hughesdale",2,3200
201807,2,1,"Clayton",3,3600
202008,3,1,"Toorak",1,800
201901,3,1,"Chadstone",1,200
201903,3,2,"Docklands",2,800
201912,3,1,"Pakenham",3,1800
201910,3,1,"Eltham",2,800
201908,3,2,"Caulfield",3,600
201905,3,1,"Hughesdale",3,1440
202005,3,1,"Hughesdale",3,1800
201909,3,1,"Cheltenham",3,360
201808,3,1,"Fitzroy",3,360
202005,3,1,"Clayton",3,1620
201903,3,2,"Pakenham",1,250
202007,3,1,"Caulfield",2,1000
201908,3,1,"Docklands",2,3240
201805,3,2,"Cheltenham",1,2160
202009,3,1,"Prahran",2,1200
201805,3,2,"Docklands",2,2400
201905,4,2,"Hughesdale",1,250
201811,4,2,"Pakenham",3,4800
202009,4,2,"Prahran",3,1200
202004,4,2,"Parkville",3,150
201901,4,2,"Dandenong",3,900
201809,4,2,"Fitzroy",1,100
202011,4,1,"Hughesdale",1,100
201902,4,2,"Pakenham",2,200
202003,4,1,"Geelong",3,225
202004,4,1,"Caulfield",2,160
201810,4,2,"Prahran",2,160
201808,4,2,"Chadstone",3,960
202010,4,2,"Richmond",3,3000
201901,5,2,"Docklands",1,1980
201910,5,1,"Chadstone",3,7920
201805,5,2,"Geelong",2,3960
202005,5,2,"Pakenham",1,330
202009,5,2,"Fitzroy",3,4050
201905,5,1,"Dandenong",3,1350
201907,5,2,"Prahran",3,675
202011,5,1,"Pakenham",1,1800
202010,5,1,"Pakenham",1,100
202010,5,1,"Richmond",3,300
202004,5,2,"Dandenong",3,1200
201904,5,1,"Prahran",2,500
201805,5,1,"Richmond",2,4000
201906,5,1,"Prahran",3,750
201808,5,1,"Hughesdale",3,1500
202008,5,1,"Caulfield",2,100
201911,5,1,"Parkville",2,100
202002,5,1,"Toorak",2,400
201905,5,1,"Clayton",2,400
202008,5,2,"Parkville",2,2800
202004,5,2,"Hughesdale",1,360
201903,5,1,"Clayton",2,330
201812,5,2,"Prahran",2,900
201901,5,2,"Eltham",3,750
201812,6,2,"Clayton",2,3200
201910,6,1,"Fitzroy",2,800
202008,6,1,"Docklands",3,2400
201806,6,1,"Caulfield",3,450
201905,6,2,"Clayton",1,450
202011,6,2,"Prahran",2,600
201808,6,1,"Chadstone",1,110
201811,6,2,"Docklands",3,2160
201812,6,2,"Hughesdale",2,500
201911,6,2,"Fitzroy",2,600
201809,6,1,"Docklands",2,500
201808,6,2,"Hughesdale",2,300
202004,6,2,"Prahran",3,1110
201808,6,1,"Caulfield",3,2100
202004,6,1,"Clayton",2,800
202008,6,2,"Docklands",2,1680
202002,6,1,"Pakenham",3,2340
201908,6,1,"Clayton",1,420
201905,6,1,"Caulfield",3,1140
202004,6,1,"Toorak",2,2400
201910,6,1,"Caulfield",3,1350
201806,6,1,"Toorak",2,1800
202007,6,2,"Chadstone",2,1800
201908,7,2,"Clayton",1,140
202005,7,1,"Parkville",1,70
201904,7,2,"Clayton",1,280
201805,7,1,"Caulfield",3,1680
202003,7,1,"Toorak",3,1980
201905,7,1,"Toorak",1,600
201807,7,1,"Chadstone",1,140
202010,7,1,"Eltham",3,2700
201911,7,2,"Caulfield",3,2880
202008,7,1,"Caulfield",1,1400
202004,7,2,"Caulfield",1,150
201909,7,2,"Caulfield",1,320
201906,7,2,"Chadstone",2,3600
202011,7,2,"Prahran",2,450
201905,7,2,"Prahran",1,225
202005,7,2,"Parkville",2,1600
201903,7,2,"Hughesdale",3,2400
201907,7,1,"Pakenham",1,400
202003,8,2,"Richmond",1,105
201807,8,2,"Caulfield",2,500
201904,8,2,"Parkville",1,460
201806,8,1,"Caulfield",3,315
201805,8,1,"Docklands",2,200
201906,8,2,"Eltham",3,600
202002,8,2,"Richmond",2,1600
201809,8,1,"Clayton",1,200
201904,8,2,"Hughesdale",3,2250
201907,8,2,"Toorak",2,140
201912,8,1,"Hughesdale",1,560
201812,8,2,"Docklands",3,1680
201910,8,2,"Clayton",2,800
201810,8,1,"Eltham",3,1320
202002,8,1,"Docklands",3,810
201810,8,2,"Docklands",1,720
201905,8,1,"Parkville",2,1360
201809,8,1,"Pakenham",3,3840
201812,8,1,"Pakenham",3,3330
202009,8,2,"Pakenham",3,4440
201906,8,2,"Clayton",2,2040
201906,8,1,"Pakenham",1,320
201811,8,1,"Clayton",3,1800
201901,8,2,"Pakenham",1,700
201908,8,1,"Pakenham",1,660
201811,8,1,"Dandenong",2,660
201904,8,1,"Cheltenham",1,700
201812,9,2,"Chadstone",1,50
202007,9,2,"Geelong",3,600
202010,9,2,"Cheltenham",2,960
201809,9,1,"Dandenong",1,80
201903,9,2,"Caulfield",1,80
201810,9,1,"Richmond",2,840
202001,9,2,"Clayton",1,420
201810,9,2,"Clayton",3,5040
202001,9,2,"Docklands",2,140
201910,9,1,"Docklands",3,840
201912,9,2,"Hughesdale",2,180
202010,9,1,"Hughesdale",1,80
201807,9,1,"Clayton",2,80
202009,9,1,"Clayton",1,40
201911,9,1,"Hughesdale",1,120
201812,9,2,"Caulfield",1,40
202011,9,1,"Clayton",3,960
202009,9,1,"Clayton",3,720
201911,9,2,"Eltham",2,160
201810,9,2,"Parkville",1,1260
201903,9,1,"Parkville",1,80
201911,9,2,"Chadstone",2,480
201904,9,2,"Clayton",2,420
201910,9,2,"Toorak",1,880
202001,9,1,"Caulfield",1,520
202006,9,2,"Clayton",3,1080
202006,10,1,"Pakenham",2,60
201902,10,2,"Hughesdale",2,3000
202011,10,1,"Caulfield",1,1000
202007,10,2,"Docklands",2,2000
202011,10,2,"Hughesdale",1,500
201906,10,1,"Geelong",3,4500
201907,10,1,"Geelong",1,500
202007,10,1,"Clayton",1,1500
201904,10,1,"Clayton",2,2640
202008,10,2,"Clayton",3,3840
201807,10,2,"Hughesdale",1,300
201808,10,2,"Geelong",1,680
201903,10,1,"Richmond",1,480
202010,10,2,"Caulfield",2,1200
202010,10,1,"Pakenham",3,225
202002,10,2,"Eltham",2,520
201905,10,2,"Chadstone",3,2700
202011,10,1,"Pakenham",2,2700
201808,10,1,"Richmond",1,600
201805,10,2,"Clayton",1,150
201812,10,2,"Chadstone",3,1560
202008,11,2,"Prahran",2,900
201911,11,1,"Toorak",3,900
202003,11,2,"Geelong",1,100
201812,11,2,"Chadstone",3,300
201811,11,2,"Caulfield",3,4200
201810,11,1,"Toorak",2,1400
201808,11,2,"Clayton",1,330
201909,11,1,"Parkville",3,300
201908,11,1,"Caulfield",3,120
202009,11,1,"Pakenham",1,20
201810,11,2,"Caulfield",2,160
201906,11,2,"Chadstone",1,80
201912,11,2,"Caulfield",3,240
202008,11,1,"Clayton",2,540
202012,11,1,"Toorak",1,620
202012,11,2,"Clayton",2,270
201807,11,2,"Caulfield",3,420
201911,11,2,"Fitzroy",1,70
201812,11,1,"Chadstone",1,280
202007,11,1,"Clayton",1,420
201805,11,2,"Clayton",2,170
201809,11,1,"Clayton",1,400
202008,11,1,"Docklands",2,90
201901,11,1,"Clayton",3,270
201906,11,2,"Toorak",3,270
201910,11,2,"Eltham",2,780
201909,12,2,"Caulfield",3,1260
202007,12,1,"Clayton",2,1680
201808,12,2,"Caulfield",1,1680
201812,12,2,"Toorak",1,210
202005,12,1,"Prahran",3,1800
201811,12,2,"Toorak",2,4800
202002,12,2,"Parkville",1,1800
201808,12,2,"Docklands",2,4800
202002,12,2,"Fitzroy",3,240
202003,12,1,"Parkville",3,240
201902,12,2,"Pakenham",2,640
201911,12,2,"Hughesdale",3,720
201805,12,1,"Hughesdale",3,720
201805,12,2,"Eltham",3,720
201907,12,2,"Toorak",2,100
202006,12,2,"Fitzroy",1,50
201812,12,1,"Parkville",3,60
201812,12,1,"Pakenham",1,10
201810,12,1,"Caulfield",2,80
201904,12,2,"Clayton",1,60
202001,12,2,"Clayton",3,180
202008,12,2,"Fitzroy",1,60
201810,12,2,"Caulfield",1,45
201909,12,1,"Fitzroy",3,180
201911,12,1,"Prahran",2,960
201911,12,2,"Clayton",2,120
202002,12,2,"Clayton",2,240
202005,13,1,"Caulfield",1,160
201807,13,1,"Docklands",3,240
201808,13,1,"Parkville",3,600
201905,13,1,"Dandenong",2,1600
201906,13,2,"Richmond",2,800
201906,13,2,"Parkville",3,1800
201910,13,1,"Hughesdale",3,1800
202005,13,2,"Toorak",3,240
202010,13,2,"Toorak",3,960
202005,13,2,"Caulfield",1,400
201807,13,1,"Fitzroy",2,200
201908,13,2,"Hughesdale",2,200
201912,13,2,"Prahran",3,1200
202010,13,1,"Eltham",1,640
201807,13,2,"Hughesdale",1,440
201811,13,1,"Clayton",2,1000
202004,13,1,"Caulfield",1,540
201912,13,1,"Eltham",3,330
202005,13,2,"Docklands",3,780
201910,13,1,"Toorak",1,120
201901,13,1,"Prahran",3,1440
201905,13,2,"Parkville",1,480
202010,13,2,"Toorak",3,1200
201808,13,2,"Geelong",2,100
202002,13,2,"Fitzroy",2,200
202008,13,2,"Dandenong",3,1200
202008,14,1,"Clayton",3,2160
202010,14,1,"Eltham",1,100
201910,14,2,"Pakenham",3,2460
201906,14,1,"Geelong",3,540
201808,14,1,"Toorak",2,3200
202002,14,2,"Hughesdale",3,600
201811,14,1,"Cheltenham",2,4800
201910,14,1,"Parkville",2,400
