"TIMEID","CATEGORYID","SALESPRICESCALEID","QUANTITY_SOLD","TOTAL_SALES_PRICES"
201810,1,3,2,63000
202009,1,3,3,94500
201910,1,3,3,154050
201904,1,3,4,156000
201809,1,3,3,214500
201909,1,3,2,88800
201905,2,2,3,29400
202005,2,3,4,130000
201911,2,3,1,21600
201911,2,3,2,91000
202006,2,3,2,91000
202012,2,3,4,182000
202012,2,3,4,182000
201908,2,3,2,90000
201903,2,3,2,150000
202007,2,3,2,132000
202010,2,3,3,198000
201808,3,3,1,18000
202003,3,3,3,60000
201907,3,3,4,52800
201807,3,3,3,60000
201808,3,3,1,65000
201807,3,3,4,260000
202001,3,3,1,65000
201808,3,3,4,72000
201906,3,3,4,72000
201908,3,3,1,18000
201909,3,3,1,18000
201912,3,3,2,97200
202002,4,3,2,120000
202009,4,2,4,40000
201904,4,2,1,10000
202005,4,2,3,24000
202007,4,3,3,67500
202003,4,3,1,22500
202002,4,3,4,89600
201812,4,3,2,130000
202006,5,3,3,253500
202011,5,3,1,84500
201807,5,3,4,338000
202004,5,3,4,290400
202005,5,3,1,54000
202009,5,3,3,162000
201902,5,3,2,48000
201908,5,3,2,48000
201807,5,3,1,35000
202010,5,3,3,105600
201807,5,3,3,162000
201807,5,3,4,216000
202006,5,3,4,240000
201906,6,3,2,45000
202011,6,3,3,78000
202011,6,3,4,112000
201909,6,3,4,120000
201903,6,3,2,60000
201902,6,3,4,120000
201812,6,3,2,60800
201907,6,3,3,91200
201809,6,3,2,99000
202009,6,3,3,148500
201809,7,2,2,19200
201905,7,3,4,72800
201910,7,3,2,32000
202005,7,3,3,48000
202009,7,3,2,32000
202011,7,3,1,16000
202009,7,3,3,117000
202005,7,3,3,117000
202011,7,3,1,39000
201805,7,3,2,83200
202012,7,3,4,166400
201809,7,3,3,124800
202010,7,3,4,252000
201811,7,3,2,126000
201807,7,3,1,63000
202001,7,3,4,44800
202001,7,3,1,11200
201912,7,3,3,60000
201911,7,3,4,112000
202005,8,3,2,33600
201809,8,3,4,67200
201902,8,3,1,28000
201812,8,3,3,99000
202012,8,3,4,192000
202005,8,3,1,20000
202008,8,3,1,20000
201810,8,3,3,60000
201804,9,3,3,33000
201807,9,3,1,19200
201810,9,3,4,43200
201808,9,1,2,5600
201910,9,2,3,26400
201807,9,2,3,26400
201912,9,2,4,35200
202006,9,3,3,138600
202005,9,2,1,6400
201910,9,2,3,16800
201809,9,2,2,11200
202002,9,2,2,11200
201901,9,3,4,46800
201903,10,1,4,19200
201808,10,1,3,14400
202006,10,3,3,210000
201807,10,3,2,80000
201903,10,3,2,80000
201907,10,3,3,150000
201811,10,3,4,96000
201902,10,3,4,144000
201810,10,3,3,58500
202004,10,3,1,15600
201901,10,3,3,46800
201907,11,2,2,18000
201812,11,2,4,36000
202009,11,3,4,52000
202003,11,3,4,52000
202008,11,3,3,39000
201807,11,2,2,11200
201902,11,2,3,16800
201808,11,3,2,43200
201901,11,3,2,43200
201809,11,2,4,38400
201910,11,2,1,9600
201905,11,2,3,28800
202001,11,3,4,95200
201804,11,2,2,18000
202011,11,1,3,12600
202012,12,3,2,126000
201905,12,3,4,86400
201901,12,3,4,41600
201903,12,2,1,5000
202005,12,2,3,21600
201809,13,3,4,120000
201911,13,3,3,43200
202010,13,3,1,14400
201911,13,3,2,28800
202008,13,3,4,48000
201808,13,3,1,14000
202007,13,3,3,42000
201810,13,3,1,14000
201910,13,3,1,17600
201809,13,3,3,50400
201806,13,2,2,18000
202011,13,2,2,18000
201905,14,3,1,18000
202001,14,3,3,140400
202003,14,3,1,32000
202004,14,3,1,32000
201905,14,3,4,312000
201912,14,3,3,72000
201908,14,3,3,72000
202010,14,3,3,72000
